Name1,Name2,Check,A Raja,Shri Andimuthu Raja,TRUE,Shruti Choudhry,Smt. Shruti Choudhry,TRUE,Kamal Kishor,Shri Kamal Kishor,TRUE,Abdul Mannan Hossain,Shri Abdul Mannan Hossain,TRUE,Arjun Ram Meghwal,Shri Arjun Ram Meghwal,TRUE,Jayaram Pangi,Shri Jayaram Pangi,TRUE,Jagdambika Pal,Shri Jagdambika Pal,TRUE,Neeraj Shekhar,Shri Neeraj Shekhar,TRUE,Raju Shetti Alias Devappa Anna,Shri Raju alias Devappa Anna Shetti,TRUE,Komatireddy Raj Gopal ReddyKomatireddy Raj Gopal Reddy,Shri Komatireddy Raj Gopal Reddy,TRUE,Komatireddy Raj Gopal ReddySanjay Singh Chauhan,Shri Sanjay Singh Chauhan,TRUE,Namo Narain Meena,Shri Namo Narain Meena,TRUE,Kaisar Jahan,Smt. Kaisar Jahan,TRUE,Maheshwar HazariSachin Pilot,Shri Sachin Pilot,TRUE,Arvind Kumar Chaudhary,Shri Arvind Kumar Chaudhary,TRUE,Gaddigoudar P. C.,Shri Parvatagouda Chandanagouda Gaddigoudar,TRUE,Gaddigoudar P. C.Ashok Kumar Rawat,Shri Ashok Kumar Rawat,TRUE,Sucharu Ranjan Haldar,Dr. Sucharu Ranjan Haldar,TRUE,,Shri Lalchand Kataria,TRUE,Jaipur Rural. New constituency. Started recently.S S Palanimanickam,Shri S.S. Palanimanickam,TRUE,Kristappa Nimmala,Shri Kristappa Nimmala,TRUE,Jagdish Thakor,Shri Jagdish Thakor,TRUE,Ramakant YadavVishnu Deo Sai,Shri Vishnu Deo Sai,TRUE,Zafar Ali Naqvi,Shri Zafar Ali Naqvi,TRUE,S. Ramasubbu,Shri S.S. Ramasubbu,TRUE,M. B. Rajesh,Shri M. B. Rajesh,TRUE,,Smt. Ingrid Mcleod,TRUE,Nominated to LS. Not elected. Anglo-indian.Raosaheb Dadarao Danve,Shri Raosaheb Patil Danve,TRUE,Chandrakant Khaire,Shri Chandrakant Bhaurao Khaire,TRUE,Sudarshan Bhagat,Shri Sudarshan Bhagat,TRUE,Kalyan Banerjee,Shri Kalyan Banerjee,TRUE,Nalin Kumar Kateel,Shri Nalin Kumar Kateel,TRUE,Nirmal Khatri,Dr. Nirmal Khatri,TRUE,Nirmal KhatriRakesh Pandey,Shri Rakesh Pandey,TRUE,Deoraj Singh Patel,Shri Deoraj Singh Patel,TRUE,,Dr. Charles Dias,TRUE,Nominated to LS. Not elected. Anglo-indian.Govind Prasad Mishra,Shri Govind Prasad Mishra,TRUE,Gurudas Vasant Kamat,Shri Gurudas Kamat,TRUE,Nishikant Dubey,Shri Nishikant Dubey,TRUE,Kodikkunnil Suresh,Shri Suresh Kodikunnil,TRUE,Kodikkunnil SureshPakauri Lal,Shri Pakauri Lal,TRUE,Saroj Pandey,Km. Saroj Pandey,TRUE,Selja Kumari,Kumari  Selja,TRUE,Choudhury Mohan Jatua,Shri Choudhury Mohan Jatua,TRUE,Kamal Nath,Shri  Kamal Nath,TRUE,Jagdish Singh Rana,Shri Jagdish Singh Rana,TRUE,Mullappally Ramachandran,Shri Ramachandran Mullappally,TRUE,Feroze Varun Gandhi,Shri Feroze Varun Gandhi,TRUE,Sushil Kumar Singh,Shri Sushil Kumar Singh,TRUE,Sushil Kumar SinghHemanand Biswal,Shri Hemanand Biswal,TRUE,Ramesh Kumar,Shri Ramesh Kumar,TRUE,Mahabali SinghRanee Narah,Smt. Ranee Narah,TRUE,,Shri Dilip Singh Judeo,TRUE,Died recently. Seat is vacant.Sajjan Singh Verma,Shri Ambica Banerjee,TRUE,P. Venugopal,Dr. Ponnusamy Venugopal,TRUE,E. T. Muhammed Basheer,Shri E. T. Mohammed Basheer,TRUE,Raghuvir Meena,Shri Raghuvir Singh Meena,TRUE,Rakesh Singh,Shri Rakesh Singh,TRUE,Kodikkunnil SureshRathwa Ramsingbhai Patalbhai,Shri Ramsinh Patalyabhai Rathwa,TRUE,Gaddigoudar P. C.Kuvarjibhai Mohanbhai Bavalia,Shri Kunwarjibhai Mohanbhai Bavaliya,TRUE,Jitender Singh Malik,Jitender Singh Malik,,Pralhad Joshi,Shri Pralhad Venkatesh Joshi,TRUE,Both are there in the politicians file. Different constitSanna Pakirappa,Shri S. Pakkirappa,TRUE,Ram Singh Kaswan,Shri Ram Singh Kaswan,TRUE,Prabhatsinh Pratapsinh Chauhan,Shri Prabhatsinh Pratapsinh Chauhan,TRUE,Prabhatsinh Pratapsinh ChauhanChandrakant Raghunath Patil,Shri Chandrakant Raghunath Patil,TRUE,Surendra Singh Nagar,Shri Surendra Singh Nagar,TRUE,Mahendra Kumar Roy,Shri Mahendra Kumar Roy,TRUE,Basori Singh Masram,Shri Basori Singh Masram,,C M Chang,Shri Chongshen Mongkosungkum Chang,TRUE,Both are there in the politicians file. Different constitSanjay Brijkishorlal Nirupam,Shri Sanjay Nirupam,TRUE,Ismail Hussain,Shri Ismail Hussain,TRUE,Bhausaheb Rajaram WakchaurePriya Sunil Dutt,Smt. Priya Sunil Dutt,TRUE,J. Shantha,Smt. J. Shantha,TRUE,Pulin Bihari Baske,Dr. Pulin Bihari Baske,TRUE,Inderjit Singh Rao,Shri Inderjit Singh Rao,TRUE,Pradeep Kumar Singh,Shri Pradeep Kumar Jain   Aditya,TRUE,Bijoya Chakravarty,Thiru Thalikkottai Rajuthevar Baalu,TRUE,Prabhatsinh Pratapsinh ChauhanGorakh Prasad Jaiswal,Shri Gorakh Prasad Jaiswal,TRUE,Jaswant Singh,Shri S. Jagathrakshakan,TRUE,Solanki Kiritbhai Premajibhai,Shri Kishanbhai Vestabhai Patel,TRUE,Maheshwar Hazari,Shri Maheshwar Hazari,TRUE,M. K. Raghavan,Shri M. K. Raghavan,TRUE,Rajen Gohain,Shri Rajen Gohain,TRUE,Anantha Venkatarami Reddy,Shri Anantha Venkatarami Reddy,TRUE,Solanki Dinubhai Boghabhai,Shri Dinubhai Boghabhai Solanki,TRUE,Mohan Jena,Shri Mohan Jena,TRUE,Nripendra Nath Roy,Shri Nripendra Nath Roy,TRUE,M. Veerappa Moily,Dr.(Shri) M. Veerappa Moily,TRUE,Somendra Nath Mitra,Shri Somendra Nath Mitra,TRUE,Anurag Singh Thakur,Shri Anurag Singh Thakur,TRUE,Patel Natubhai Gomanbhai,Shri Natubhai Gomanbhai Patel,TRUE,Bhausaheb Rajaram Wakchaure,Shri Bhausaheb Wakchaure,TRUE,Bhausaheb Rajaram WakchaureHarsh Vardhan,Shri Harsh Vardhan,TRUE,Dushyant Singh,Shri Dushyant Singh,TRUE,A. Ganeshamurthi,A. Ganeshamurthi,,Anant Geete,Shri Anant Gangaram Geete,TRUE,Both are there in the politicians file. Different constit - RaigadDimple Yadav,Smt. Dimple Yadav,TRUE,Maheshwar HazariDayanidhi Maran,Thiru Dayanidhi Maran,TRUE,Jeetendra Singh Bundela,Shri Jeetendra Singh Bundela,TRUE,Narayansingh Amlabe,Shri Narayan Singh Amlabe,TRUE,Gaddigoudar P. C.P. R. Natarajan,Shri P.R. Natarajan,TRUE,Madan Lal Sharma,Shri Madan Lal Sharma,TRUE,Haribhai Chaudhary,Haribhai Chaudhary,,,Shri Mukesh Bhairavdanji Gadhvi,TRUE,"Died, Replaced by Haribhai Chaudhary"Prasanta Kumar Majumdar,Shri Prasanta Kumar Majumdar,TRUE,R.Dhruvanarayana,Shri Rangaswamy Dhruvanarayana,TRUE,Shivraj Singh Lodhi,Shri Shivraj Singh Lodhi,TRUE,Kadir Rana,Shri Kadir Rana,TRUE,Milind Murli Deora,Shri Milind Murli Deora,TRUE,Sushila Saroj,Smt. Sushila Saroj,TRUE,Nirmal KhatriMohammad Asrarul Haque,Maulana Asrarul Haque Mohammad,TRUE,Sanjay Dina Patil,Shri Sanjay Dina Patil,TRUE,Paramjit Kaur Gulshan,Smt. Paramjit Kaur Gulshan,TRUE,Pinaki Misra,Shri Pinaki Misra,TRUE,Chandulal Sahu (Chandu Bhaiya),Shri Chandu Lal Sahu,TRUE,Eknath M. Gaikwad,Shri Eknath Mahadeo Gaikwad,TRUE,Kachhadia Naranbhai,Shri Naranbhai Kachhadia,TRUE,Pratibha Singh,Pratibha Singh,,,Shri Virbhadra Singh,TRUE,Resigned from Lok Sabha. Replaced by Pratibha SinghMahadeo Singh Khandela,Shri Mahadeo Singh Khandela,TRUE,Harsh Vardhan,Harsh Vardhan,,,Shri Umashanker Singh,TRUE,Died in 2013. Replaced by Harsh VardhanDevidhan Besra,Shri Devidhan Besra,TRUE,Maheshwar HazariMahabali Singh,Shri Mahabali Singh,TRUE,Mahabali Singh,Shri H.D. Kumaraswamy,TRUE,Resigned from Lok Sabha. Will need to put him as a new entryMurarilal Singh,Shri Murarilal Singh,TRUE,Malik Sakti Mohan,Shri Sakti Mohan Malik,TRUE,Manohar Tirkey,Shri Manohar Tirkey,TRUE,Manohar TirkeyRamakant Yadav,Shri Ramakant Yadav,TRUE,Ramakant YadavMallikarjun Kharge,Shri Mallikarjun Kharge,TRUE,Kameshwar Baitha,Shri Kameshwar Baitha,TRUE,Siddhanta Mahapatra,Shri Sidhant Mohapatra,TRUE,Vijay Bahadur Singh,Shri Vijay Bahadur Singh,TRUE,Anurag Singh ThakurSk. Saidul Haque,Prof. Sk. Saidul Haque,TRUE,D Napoleon,Shri D. Napoleon,FALSE,Sarvey Sathyanarayana,Shri Sathyanarayana Sarvey,FALSE,Kotla Jayasurya Prakasha Reddy,Shri Kotla Jaya Surya Prakash Reddy,FALSE,Nama Nageswara Rao,Shri Nama Nageswara Rao,FALSE,Rudramadhab Ray,Shri Rudra Madhab Ray,FALSE,Rakesh Sachan,Shri Rakesh Sachan,FALSE,Sajjan Singh Verma,Shri Sajjan Singh Verma,FALSE,Manish Tewari,Shri Manish Tewari,FALSE,Sushilkumar Sambhajirao Shinde,Shri Sushil Kumar Sambhajirao Shinde,FALSEYashvir Singh,Shri Yashvir Singh,FALSEDeepa Dasmunsi,Smt. Deepa Dasmunsi,FALSEN. Peethambarakurup,Shri N. Peethambara Kurup,FALSEMeenakshi Natrajan,Km. Meenakshi Natrajan,FALSESai Prathap Annayyagari,Shri Sai Prathap Annayyagari,FALSEVincent H Pala,Shri Vincent H Pala,FALSEA Sampath,Shri Anirudhan Sampath,FALSEKailash Joshi,Shri Kailash Joshi,FALSEMangani Lal Mandal,Shri Mangani Lal Mandal,FALSEYashwant Sinha,Shri Yashwant Sinha,FALSEPutul Kumari,Smt.  Putul Kumari,FALSEGirija Vyas,Dr.(Kum.) Girija Vyas,FALSEArvind Kumar Sharma,Dr. Arvind Kumar Sharma,FALSESuresh Kashinath Taware,Shri Suresh Kashinath Taware,FALSEOm Prakash Yadav,Shri Om Prakash Yadav,FALSEHari Manjhi,Shri Hari Manjhi,FALSESuvendu Adhikari,Shri Suvendu Adhikari,FALSEP. C. Mohan,Shri P. C. Mohan,FALSENityananda Pradhan,Shri Nityananda Pradhan,FALSEMohammed Azharuddin,Shri Mohammed Azharuddin,FALSEBasori Singh Masram,Shri Basori Singh Masram,FALSEBharat Ram Meghwal,Shri Bharat Ram Meghwal,FALSESadashivrao Dadoba Mandlik,Shri Sadashivrao Dadoba Mandlik,FALSER. K. Singh Patel,Shri R.K. Singh Patel,FALSEAhir Vikrambhai Arjanbhai Madam,Shri Vikrambhai Arjanbhai Maadam,FALSEModugula Venugopala Reddy,Shri Modugula Venugopala Reddy,FALSERajagopal Lagadapati,Shri Rajagopal Lagadapati,FALSENaveen Jindal,Shri Naveen Jindal,FALSEPoonamben Veljibhai Jat,Smt. Poonam Veljibhai Jat,FALSETakam Sanjoy,Shri  Takam Sanjoy,FALSEJyoti Dhurve,Smt. Jyoti Dhurve,FALSERatan Singh,Shri Ratan Singh,FALSEShivaramagouda Shivanagouda,Shri  Shivaramagouda,FALSEAnto Antony Punnathaniyil,Shri Anto Antony,FALSEO. S. Manian,Shri O. S. Manian,FALSEM. Thambidurai,Dr. Munisamy Thambidurai,FALSESeema Upadhyay,Smt. Seema Upadhyay,FALSEAdhir Ranjan Chowdhury,Shri Adhir Ranjan Chowdhury,FALSEVilasrao Baburaoji Muttemwar,Shri Vilas Baburao Muttemwar,FALSESalman Khursheed,Shri Salman Khurshid,FALSEPartap Singh Bajwa,Sardar Partap Singh Bajwa,FALSEG. Vivekanand,Dr. Gaddam Vivekanand,FALSEMeghe Datta,Shri Datta Raghobaji Meghe,FALSESharifuddin Shariq,Shri Sharifuddin Shariq,FALSEDilipkumar Mansukhlal Gandhi,Shri Dilip Kumar Mansukhlal Gandhi,FALSEK. C Venugopal,Shri K. C. Venugopal,FALSEM. I. Shanavas,Shri M. I. Shanavas,FALSESharad Yadav,Shri Sharad Yadav,FALSEPrataprao Ganpatrao Jadhav,Shri Prataprao Ganpatrao Jadhav,FALSEKunwar Jitin Prasad,Shri Jitin Prasada,FALSEAnup Kumar Saha,Dr. Anup Kumar Saha,FALSERajendrasinh Ghanshyamsinh Rana (Rajubhai Rana),Shri Rajendrasinh (Raju Rana) Rana,FALSEVijaya Shanthi M,Smt. M. Vijaya Shanthi,FALSERavindra Kumar Pandey,Shri Ravindra Kumar Pandey,FALSEMaharani Preneet Kaur,Smt. Preneet Kaur,FALSEG.M. Siddeswara,Shri Gowdar Mallikarjunappa Siddeshwara,FALSEVinay Kumar,"Dr. Vinay Kumar ""Vinnu"" Pandey",FALSEAnanthkumar Hegde,Shri Anant Kumar Dattatreya Hegde,FALSEKatti Ramesh Vishwanath,Shri Ramesh Vishwanath Katti,FALSERatna De (Nag),Dr. (Smt.) Ratna De(Nag),FALSEAdhalrao Shivaji Dattatray,Shri Shivaji Adhalrao Patil,FALSEKamlesh Balmiki,Shri Kamlesh Balmiki,FALSESomabhai Gandalal Koli Patel,Shri Somabhai Gandalal Koli Patel,FALSENavjot Singh Sidhu,Shri Navjot Singh Sidhu,FALSESultan Ahmed,Shri Sultan Ahmed,FALSEDara Singh Chauhan,Shri Dara Singh Chauhan,FALSELalubhai Patel,Shri Lalubhai Babubhai Patel,FALSEM. Krishnasamy,Shri M. Krishnasswamy,FALSEBaju Ban Riyan,Shri Baju Ban Riyan,FALSEC. L. Ruala,Shri C. L. Ruala,FALSEDevji Patel,Shri Devji Mansingram Patel,FALSEJitender Singh Malik,Shri Jitender Singh Malik,FALSEMakhansingh Solanki (Babuji),Shri Makhansingh Solanki,FALSEDinsha Patel,Shri Dinsha J. Patel,FALSEMithlesh,Shri  Mithlesh Kumar,FALSEAshok Argal,Shri Ashok Argal,FALSEArjun Charan Sethi,Shri Arjun Charan Sethi,FALSEBharatsinh Solanki,Shri Bharatsinh Madhavsinh Solanki,FALSEKilli Krupa Rani,Dr. (Smt.) Kruparani Killi,FALSEYashodhara Raje Scindia,Smt. Yashodhara Raje Scindia,FALSE,Ramesh Rathod,Shri Ramesh Rathod,FALSE,Prem Das Rai,Shri Prem Das Rai,FALSE,Baijayant Panda,Baijayant Panda,,Ajay Makan,Ajay Makan,,,Shri Ajay Maken,FALSE,Both are there in the politicians file. Different constitPraveen Singh Aron,Shri Praveen Singh. Aron,FALSE,Pratap Narayanrao Sonawane,Shri Sonawane Pratap Narayanrao,FALSE,Rama Devi,Smt.  Rama Devi,FALSE,Sohan Potai,Shri Sohan Potai,FALSE,Satabdi Roy,Smt. Satabdi Roy,FALSE,Maneka Gandhi,Smt. Maneka Gandhi,FALSE,Gutha Sukender Reddy,Shri Sukender Reddy Gutha,FALSE,Jaywant Gangaram Awale,Shri Jayawant Gangaram Awale,FALSE,Mahendrasinh Chauhan,Dr. Mahendrasinh Pruthvisinh Chauhan,FALSE,Sushma Swaraj,Smt. Sushma Swaraj,FALSE,Mahabal Mishra,Shri Mahabal Mishra,FALSE,K. V. Thomas,Prof. Kuruppassery Varkey Thomas,FALSE,Virendra Kumar,Dr.  Virendra Kumar,FALSE,Konakalla Narayana Rao,Shri Konakalla Narayana Rao,FALSE,M K Alagiri,Shri M. K. Alagiri,FALSE,Sumitra Mahajan,Smt. Sumitra Mahajan,FALSE,Abu Hasem Khan Choudhury,Shri Abu Hasem Khan Choudhury,FALSE,Jyoti Mirdha,Dr. (Smt.) Jyoti Mirdha,FALSE,Inder Singh Namdhari,Shri Inder Singh Namdhari,FALSE,Haji Nurul Islam,Shri Sk. Nurul Islam,FALSE,K. Chandrashekar Rao,Shri Kalva Kuntla Chandrasekhar Rao,FALSE,Sansuma Khunggur Bwiswmuthiary,Shri Sansuma Khunggur Bwiswmuthiary,FALSE,Devendra Nagpal,Shri Devendra Nagpal,,Jyotiraditya Madhavrao Scindia,Shri Jyotiraditya Madhavrao Scindia,FALSE,Both are there in the politicians file. Different constitShashi Tharoor,Dr. Shashi Tharoor,FALSE,Aruna Kumar Vundavalli,Shri Aruna Kumar Vundavalli,FALSE,Syed Shahnawaz Hussain,Shri Syed Shahnawaz Hussain,FALSE,Jagada Nand Singh,Shri Jagadanand Singh,FALSE,Kapil Sibal,Shri Kapil Sibal,FALSE,Gopinathrao Pandurang Munde,Shri Gopinath Pandurang Munde,FALSE,Madhu Goud Yaskhi,Shri Madhu Goud Yaskhi,FALSE,P. C. Chacko,Shri P.C. Chacko,FALSE,Dinesh Trivedi,Shri Dinesh Trivedi,,S. P. Y. Reddy,S. P. Y. Reddy,FALSE,Both are there in the politicians file. Different constitNilesh Narayan Rane,Dr. Nilesh Narayan Rane,FALSE,Bhakta Charan Das,Shri Bhakta Charan Das,FALSE,Shailendra Kumar,Shri Shailendra Kumar,FALSE,Bhoopendra Singh,Shri Bhoopendra Singh,FALSE,Nikhil Kumar Choudhary,Shri Nikhil Kumar Choudhary,FALSE,Badruddin Ajmal,Maulana Badruddin Ajmal,FALSE,Prasanna Kumar Patasani,Dr. (Prof.) Prasanna Kumar Patasani,FALSE,Ananth Kumar,Shri  Ananth Kumar,FALSE,L. K. Advani,Shri Lal Krishna Advani,FALSESonia Gandhi,Smt. Sonia Gandhi,FALSEV. Narayanasamy,Shri V. Narayanasamy,FALSERadha Mohan Singh,Shri Radha Mohan Singh,FALSERaj Lakshmi,Smt. Mala Rajya Laxmi Shah,FALSESanjeev Ganesh Naik,Dr. Sanjeev Ganesh Naik,FALSEArjun Roy,Dr. Arjun Roy,FALSEPraful Manoharbhai Patel,Shri Praful Manoharbhai Patel,FALSEHansraj Gangaram Ahir,Shri Hansraj Gangaram Ahir,FALSERajiv Ranjan Singh Alias Lalan Singh,Shri Rajiv Ranjan (Lalan) Singh,FALSEK. C. Singh Baba,Shri K.C. Singh Baba,FALSERahul Gandhi,Shri Rahul Gandhi,FALSEShibu Soren,Shri Shibu Soren,FALSEDhananjay Singh,Shri Dhananjay Singh,FALSEBaliram Sukur Jadhav,Shri Baliram Sukur Jadhav,FALSENaramalli Sivaprasad,Dr. Naramalli Sivaprasad,FALSEBalkrishna Khanderao Shukla (Balu Shukla),Shri Balkrishna Khanderao Shukla,FALSEMadhu Koda,Shri Madhu Kora,FALSESukhdev Singh Libra,Shri Sukhdev Singh Libra,FALSEDip Gogoi,Shri Dip Gogoi,FALSEPradeep Kumar Singh,Shri Pradeep Kumar Singh,FALSEAvtar Singh Bhadana,Shri Avtar Singh Bhadana,FALSEKavuri Sambasiva Rao,Dr. Kavuri Samba Siva Rao,FALSEMansukhbhai Vasava,Shri Mansukhbhai D. Vasava,FALSEGopal Singh,Shri Gopal Singh Shekhawat,FALSEGavit Manikrao Hodlya,Shri Manikrao Hodlya Gavit,FALSEFarooq Abdullah,Dr. Farooq Abdullah,FALSESusmita Bauri,Smt. Susmita Bauri,FALSEFrancisco Sardinha,Shri Francisco Sardinha,FALSEJK Rithesh,Shri K. alias J.K. Ritheesh Shivakumar,FALSEP. Viswanathan,Shri Viswanathan Perumal,FALSEBijoy Krishna Handique,Shri Bijoy Krishna Handique,FALSEUsha Verma,Smt. Usha Verma,FALSE,P Chidambaram,Shri Palaniappan Chidambaram,FALSE,Helen Davidson J,Smt. Davidson J. Helen,FALSE,Dharam Singh,Shri N.Dharam Singh,FALSE,Rajendra Agarwal,Shri Rajendra Agrawal,FALSE,Vitthalbhai Hansrajbhai Radadiya,Shri Vitthalbhai Hansrajbhai Radadiya,FALSE,Tathagata Satpathy,Shri Tathagata Satpathy,FALSE,Aswamedh Devi,Smt. Ashwamedh Devi,FALSE,Sisir Adhikari,Shri Sisir Kumar Adhikari,FALSE,Sudip Bandyopadhyay,Shri Sudip Bandyopadhyay,FALSE,Sheesh Ram Ola,Shri Sis Ram Ola,FALSE,Rajesh Mishra,Rajesh Mishra,,,Dr. Murli Manohar Joshi,FALSE,Will need to replace Rajesh Mishra with Murli Manohar Joshi. New row for Rajesh Mishra.Hukmadeo Narayan Yadav,Shri Hukmdev Narayan Yadav,FALSE,S. Gandhiselvan,Shri S. Gandhiselvan,FALSE,Kunwar Rewati Raman Singh,Kunwar Rewati Raman Singh,FALSE,Muhammed Hamdulla Sayeed,Shri Hamdullah Sayeed,FALSEAjay Kumar,Dr. (Shri) Ajay Kumar,FALSEKaushalendra Kumar,Shri Kaushalendra Kumar,FALSEG.S. Basavaraj,Shri Gangasandra Siddappa Basavaraj,FALSEDharmendra Yadav,Shri Dharmendra Yadav,FALSEShatrughan Sinha,Shri Shatrughan Prasad Sinha,FALSEP. Lingam,Shri P. Lingam,FALSEPremdas,Shri Premdas Katheria,FALSEArun Subhashchandra Yadav,Shri Arun Subhashchandra Yadav,FALSEJaswant Singh,Shri Jaswant Singh,FALSEDinesh Kashyap,Shri Dinesh Kashyap,FALSETapas Paul,Shri Tapas Paul,FALSESuresh Kumar Shetkar,Shri Suresh Kumar Shetkar,FALSELalit Mohan Suklabaidya,Shri Lalit  Mohan Suklabaidya,FALSEDarshana Vikram Jardosh,Smt. Darshana Vikram Jardosh,FALSESatpal Maharaj,Shri Satpal Maharaj,FALSEBhartruhari Mahtab,Shri Bhartruhari Mahtab,FALSER. Thamaraiselvan,Shri R. Thamaraiselvan,FALSEBaliram,Dr.  Baliram,FALSENarendra Singh Tomar,Shri Narendra Singh Tomar,FALSEK. D. Deshmukh,Shri K. D. Deshmukh,FALSERamesh Bais,Shri Ramesh Bais,FALSESharadchandra Govindrao Pawar,Shri Sharad Chandra Govindrao Pawar,FALSES. Alagiri,Shri Sambandam Keerapalayam Alagiri,FALSERaj Kumari Chauhan,Smt. Raj Kumari Chauhan,FALSEPradeep Kumar Majhi,Shri Pradeep Majhi,FALSEJaipal Reddy Sudini,Shri Jaipal  Sudini Reddy,FALSEK. Sugumar,Shri K. Sugumar,FALSESandeep Dikshit,Shri Sandeep Dikshit,FALSEE. G. Sugavanam,Shri E.G. Sugavanam,FALSEKaria Munda,Shri Kariya Munda,FALSEAjit Singh,Shri Ajit Singh,FALSEMamata Banerjee,Mamata Banerjee,,,Shri Subrata Bakshi,FALSE,Ignore this. I will edit this.Rajan Sushant,Dr. Rajan Sushant,FALSE,Khagen Das,Shri Khagen Das,FALSE,Monazir Hassan,Dr. Monazir Hassan,FALSE,K. Jayaprakash Hegde,Shri Jayaprakash Korgi Hegde,FALSE,Hassan Khan,Shri Hassan Khan,FALSE,Jhansi Lakshmi Botcha,Dr. (Smt.) Jhansi Lakshmi Botcha,FALSE,Uday Pratap Singh,Shri Uday Pratap Singh,FALSE,Gorakh Nath Pandey,Shri Gorakh Nath Pandey,FALSE,Uday Singh,Shri Uday Singh,FALSE,Daggubati Purandeswari,Smt. Daggubati Purandeswari,FALSE,Acharia Basudeb,Shri Basudeb Acharia,FALSE,S. P. Y. Reddy,Shri S.P.Y. Reddy,FALSE,Ijyaraj Singh,Shri Ijyaraj Singh,FALSE,Nagar Ku. Ratanjeet Pratap Narayan Singh,Shri Ratanjit Pratap Narain Singh,FALSE,Bhavana Pundlikrao Gawali (Patil),Ms. Bhavana Gawali (Patil),FALSEMallipudi Raju Pallam Mangapati,Dr. M. Mangapati Pallam Raju,FALSEAbdul Rahman,Shri  Abdul Rahman,FALSEUdayanraje Bhonsle,Shri Udayanraje  Pratapsingh Bhonsle,FALSERavneet Singh,Shri Ravneet Singh,FALSEBhola Singh,Dr. Bhola Singh,FALSEKabir Suman,Shri Kabir Suman,FALSEKishore Chandra Suryanarayana Deo Vyricherla,Shri V. Kishore Chandra Deo,FALSEBhaskarrao Bapurao Khatgaonkar,Shri Bhaskarrao Bapurao Patil,FALSERajaiah Siricilla,Shri Rajaiah Siricilla,FALSEGobinda Chandra Naskar,Shri Gobinda Chandra Naskar,FALSEChandresh Kumari,Smt. Chandresh Kumari Katoch,FALSEJose K. Mani (Karingozheckal),Shri Jose K. Mani,FALSEKuldeep Bishnoi,Shri Kuldeep Bishnoi,FALSEMagunta Sreenivasulu Reddy,Shri Magunta Sreenivasulu Reddy,FALSEP.T Thomas,Shri P. T. Thomas,FALSED. Venugopal,Thiru Danapal Venugopal,FALSEPurnmasi Ram,Shri Purnmasi Ram,FALSEThol. Thirumavalavan,Shri Thirumaa Valavan Thol,FALSEManicka Tagore,Shri Manicka Tagore,FALSEM. Anjan Kumar Yadav,Shri M. Anjan Kumar Yadav,FALSEKamlesh Paswan,Shri Kamlesh Paswan,FALSESanjay Jaiswal,Dr. Sanjay Jaiswal,FALSERajkumari Ratna Singh,Rajkumari Ratna Singh,FALSEAdityanath,Shri Yogi Adityanath,FALSEAshok Tanwar,Shri Ashok Tanwar,FALSEA. Ganeshamurthi,Shri A. Ganeshamurthi,FALSERadhey Mohan Singh,Shri Radhe Mohan Singh,FALSEDinesh Chandra Yadav,Shri Dinesh Chandra Yadav,FALSEHarish Rawat,Shri Harish Rawat,FALSELakshmi Panabaka,Smt. Lakshmi Panabaka,FALSEC. Rajendran,Shri C. Rajendran,FALSEA T Nana Patil,Shri A.T. (Nana) Patil,FALSEJai Narain Prasad Nishad,Capt.(Retd.) Jainarain Prasad Nishad,FALSEKirodi Lal,Dr. Kirodilal Meena,FALSEMeena Singh,Smt. Meena Singh,FALSEMohinder Singh Kaypee,Shri Mohinder Singh Kaypee,FALSEManda Jagannath,Dr. M. Jagannath,FALSERam Chandra Dome,Dr. Ram Chandra Dome,FALSEK. P. Dhanapalan,Shri K. P. Dhanapalan,FALSES. Semmalai,Shri S. Semmalai,FALSEMeira Kumar,Smt. Meira Kumar,FALSEM. Anandan,Shri K. Murugesan Anandan,FALSEP. Karunakaran,Shri P. Karunakaran,FALSEKalyan Singh R O Madholi,Shri Kalyan Singh,FALSEBijoya Chakravarty,Smt. Bijoya Chakravarty,FALSEPawan Kumar Bansal,Shri Pawan Kumar Bansal,FALSEMulayam Singh Yadav,Shri Mulayam Singh Yadav,FALSEYashbant Narayan Singh Laguri,Shri Yashbant Narayan Singh Laguri,FALSERattan Singh Ajnala,Dr. Rattan Singh Ajnala,FALSEA K S Vijayan,Shri A.K.S. Vijayan,FALSEPrabodh Panda,Shri Prabodh Panda,FALSEHansraj Gangaram Ahir,Dr.  Chinta Mohan,FALSEP. L. Punia,Shri P.L. Punia,FALSEPaban Singh Ghatowar,Shri Paban Singh Ghatowar,FALSELaxman Tudu,Shri Laxman Tudu,FALSEC. Sivasami,Shri C. Sivasami,FALSEJoseph Toppo,Shri Joseph Toppo,FALSEVishwa Mohan Kumar,Shri Vishwa Mohan Kumar,FALSEBapiraju Kanumuru,Shri Bapi Raju Kanumuri,FALSEKrishna Tirath,Smt. Krishna Tirath,FALSEThokchom Meinya,Dr. Thokchom Meinya,FALSEP. K Biju,Shri Parayamparanbil Kuttappan Biju,FALSESri Prakash Jaiswal,Shri Sriprakash Jaiswal,FALSEP. Kumar,Shri P. Kumar,FALSERaj Babbar,Shri Raj Babbar,FALSEJai Prakash Agarwal,Shri Jai Prakash Agarwal,FALSESarika Singh,Smt. Sarika Devendra Singh Baghel,FALSESanjay Singh,Dr. Sanjay Sinh,FALSEG. V. Harsha Kumar,Shri G.V. Harsha Kumar,FALSEPratik Prakashbapu Patil,Shri Pratik Prakashbapu Patil,FALSEBalram Porika Naik,Shri Porika Balram Naik,FALSEJayant Chaudhary,Shri Jayant Chaudhary,FALSEBadri Ram Jakhar,Shri Badri Ram Jakhar,FALSENarahari Mahato,Shri Narahari Mahato,FALSEKakali Ghosh Dastidar,Dr. (Smt.) Kakoli Ghosh Dastidar,FALSESabbam Hari,Shri Sabbam Hari,FALSEKhiladi Lal Bairwa,Shri Khiladi Lal Bairwa,FALSERamkishun,Shri  Ramkishun,FALSERajnath Singh,Shri Rajnath Singh,FALSEAngadi Suresh Channabasappa,Shri Suresh Chanabasappa Angadi,FALSE,Ganeshrao Nagorao Dudhgaonkar,Shri Ganeshrao Nagorao Dudhgaonkar,FALSE,Mahesh Joshi,Dr. Mahesh Joshi,FALSE,Deepender Singh Hooda,Shri Deepender Singh Hooda,FALSE,Sambasiva Rayapati Rao,Shri Rayapati Sambasiva Rao,FALSE,Ganesh Singh,Shri Ganesh Singh,FALSE,T. K. S. Elangovan,Shri T.K.S. Elangovan,FALSE,Jyotiraditya Madhavrao Scindia,Shri Jyotiraditya Madhavrao Scindia,FALSE,Bhudeo Choudhary,Shri Bhudeo Choudhary,,,Shri Abhijit Mukherjee,,Abhijit Mukherjee,Abhijit Mukherjee,FALSE,Both are there in the politicians file. Different constitGurudas Dasgupta,Shri Gurudas Dasgupta,FALSE,Vijay Inder Singla,Shri Vijay Inder Singla,FALSE,C P Joshi,Dr. C. P. Joshi,FALSE,Jaya Prada Nahata,Smt. P. Jaya Prada Nahata,FALSE,Sameer Bhujbal,Shri Sameer Magan Bhujbal,FALSE,Kabindra Purkayastha,Shri Kabindra Purkayastha,FALSEB. Y. Raghavendra,Shri Raghavendra Yeddyurappa,FALSEBeni Prasad Verma,Shri Beni Prasad Verma,FALSEJanardhana Swamy,Shri Janardhana Swamy,FALSERajesh Nandini Singh,Smt. Rajesh Nandini Singh,FALSEMukul Balkrishna Wasnik,Shri Mukul Balkrishna Wasnik,FALSEGhansyam Anuragi,Shri Ghanshyam Anuragi,FALSEPradeep Tamta,Shri Pradeep Tamta,FALSEMausam Noor,Smt. Mausam Noor,FALSESantosh Chowdhary,Smt. Santosh Chowdhary,FALSEMarotrao Sainuji Kowase,Shri Marotrao Sainuji Kowase,FALSEGajendra Singh Rajukhedi,Shri Gajendra Singh Rajukhedi,FALSEGuddu Premchand,Shri Prem Chand Guddu,FALSEAnand Prakash Paranjape,Shri Anand Prakash Paranjpe,FALSEHarishchandra Chavan,Shri Harischandra Deoram Chavan,FALSEShafiqur Rahman Barq,Shri Shafiqur Rahman Barq,FALSEHaribhau Madhav Jawale,Shri Haribhau Madhav Jawale,FALSEKirti Azad,Shri Kirti (Jha) Azad,FALSEAdhi Sankar,Shri  Adhi Sankar,FALSEE. Ahamed,Shri E. Ahamed,FALSESher Singh Ghubaya,Shri Sher Singh Ghubaya,FALSEBhisma Shankar,Shri Bhismshankar Alias Kushal Tiwari,FALSENinong Ering,Shri Ninong Ering,FALSEBiren Singh Engti,Shri Biren Singh Engti,FALSEAnandrao Vithoba Adsul,Shri Anandrao Adsul,FALSECharan Das Mahant,Dr. Charan Das Mahant,FALSESanjay Shamrao Dhotre,Shri Sanjay Shamrao Dhotre,FALSESrikant Kumar Jena,Shri Srikant Kumar Jena,FALSES. R. Jeyadurai,Shri S. R. Jeyadurai,FALSEMadhusudan Yadav,Shri Madhusudan Yadav,FALSEPrabha Kishor Taviad,Dr. (Smt.) Prabha Kishor Taviad,FALSEMirza Mehboob Beg,(Dr.) Mirza Mehboob Beg,FALSEPadamsinha Bajirao Patil,Dr. Padmasinha  Bajirao Patil,FALSE,Abhijit Mukherjee,Shri Abhijit Mukherjee,FALSE,Pashupati Nath Singh,Shri Pashupati Nath Singh,FALSE,Agatha K Sangma,Kum. Agatha K. Sangma,FALSE,Virender Kashyap,Shri Virender Kashyap,FALSE,Subhash Bapurao Wankhede,Shri Subhash Bapurao Wankhede,FALSE,H. D. Devegowda,Shri H.D. Devegowda,FALSE,Ramesh Jigajinagi,Shri Ramesh Chandappa Jigajinagi,FALSE,Amarnath Pradhan,Shri Amarnath Pradhan,FALSE,Thangso Baite,Shri Thangso Baite,FALSE,Suresh Kashinath Taware,Suresh Kashinath Taware,,Divya Spandana a.k.a Ramya,Divya Spandana a.k.a Ramya,,,Shri N. Chaluvaraya Swamy,FALSE,Different constit Shri N. Chaluvaraya Swamy Resigned. Replaced by RamyaSuresh Kalmadi,Shri Suresh Kalmadi,FALSE,Solanki Kiritbhai Premajibhai,Dr. Kirit Premjibhai Solanki,FALSE,Sanjay Bhoi,Shri Sanjay Bhoi,FALSE,Subodh Kant Sahay,Shri Subodh Kant Sahai,FALSE,Annu Tandon,Smt. Annu Tandon,FALSE,Brijbhushan Sharan Singh,Shri Brijbhushan Sharan Singh,FALSE,Jitendra Singh,Shri Jitendra Singh,FALSE,Kamla Devi Patle,Smt. Kamla Devi Patle,FALSE,Rajaram Pal,Shri Raja Ram Pal,FALSE,Bibhu Prasad Tarai,Shri Bibhu Prasad Tarai,FALSE,Raghuvansh Prasad Singh,Dr. Raghuvansh Prasad Singh,FALSE,Tushar Amarsinh Chaudhary,Dr. Tushar Amarsinh Chaudhary,FALSE,D.B. Chandre Gowda,Shri Chandre D.B. Gowda,FALSE,,Ramashankar Rajbhar,,Ramashankar Rajbhar,Shri Ramashankar Rajbhar,,,Shri Sansuma Khunggur Bwiswmuthiary,,Sansuma Khunggur Bwiswmuthiary,Sansuma Khunggur Bwiswmuthiary,FALSE,Both are there in the politicians file. Different constitTabassum Begum,Begum Tabassum Hasan,FALSE,Shivkumar Chanabasappa Udasi,Shri Shivkumar Chanabasappa Udasi,FALSE,Harish Chaudhary,Shri Harish Choudhary,FALSE,Bal Kumar Patel,Shri Bal Kumar Patel,FALSE,Tarachand Bhagora,Shri Tarachand Bhagora,FALSE,Saugata Roy,Prof. Saugata Roy,FALSE,Ram Sundar Das,Shri Ram Sundar Das,FALSE,Ramshankar,Prof.(Dr.)  Ram Shankar,FALSE,Jayshreeben Patel,Smt. Jayshreeben Patel,FALSE,Asaduddin Owaisi,Shri Asaduddin Owaisi,FALSE,Ravindra Kumar Pandey,Shri Ravindra Kumar Pandey,,Ravindra Kumar Pandey,Ravindra Kumar Pandey,,Tarun Mondal,Dr. Tarun Mandal,FALSE,Both are there in the politicians file Different constitBishnu Pada Ray,Shri Bishnu Pada Ray,FALSE,Shripad Yasso Naik,Shri Shripad Yesso Naik,FALSE,Ponnam Prabhakar,Shri Ponnam Prabhakar,FALSE,N S V Chitthan,Shri N.S.V. Chitthan,FALSE,Adagur H. Vishwanath,Shri Adagooru Huchegowda Vishwanath,FALSE,J M Aaron Rashid,Shri J.M. Aaroon Rasheed,FALSETufani Saroj,Shri Tufani Saroj,FALSEK. Sudhakaran,Shri Kumbakudi Sudhakaran,FALSELal Ji Tandon,Shri Lal Ji Tandon,FALSEBabulal Marandi,Shri Babu Lal Marandi,FALSEKantilal Bhuria,Shri Kantilal Bhuria,FALSERamen Deka,Shri Ramen Deka,FALSEK. Sugumar,Shri Bansa Gopal Chowdhury,FALSEKapil Muni Karwariya,Shri Kapil Muni Karwariya,FALSEGajanan Dharmshi Babar,Shri Gajanan Dharmshi Babar,FALSEHarin Pathak,Shri Harin Pathak,FALSEJagdish Sharma,Shri Jagdish Sharma,FALSEY. S. Jagan Mohan Reddy,Shri Y. S. Jagan Mohan Reddy,FALSELalu Prasad,Shri  Lalu Prasad,FALSERanjan Prasad Yadav,Prof. Ranjan Prasad Yadav,FALSEBaijayant Panda,"Shri Baijayant ""Jay"" Panda",FALSEBaidyanath Prasad Mahto,Shri Baidyanath Prasad Mahto,FALSECh. Lal Singh,Chaudhary Lal Singh,FALSEHarsimrat Kaur Badal,Smt. Harsimrat Kaur Badal,FALSESupriya Sule,Smt. Supriya Sadanand Sule,FALSEK. H. Muniyappa,Shri K.H. Muniyappa,FALSEMekapati Rajamohan Reddy,Shri Mekapati Rajamohan Reddy,FALSEKalikesh Narayan Singh Deo,Shri Kalikesh Narayan Singh Deo,FALSE